date,body_battery_start,body_battery_end,body_battery_charged,body_battery_drained,sleep_score,deep_sleep_minutes,rem_sleep_minutes,light_sleep_minutes,awake_minutes,sleep_efficiency,sleep_start_time,sleep_end_time,hrv_during_sleep,hrv_status,hrv_overnight_avg,hrv_weekly_avg,hrv_7_day_trend,stress_avg,stress_max,steps,floors_climbed,active_calories,avg_respiration_rate,spo2_avg,resting_heart_rate,sleep_need_baseline,sleep_need_actual,sleep_feedback,breathing_disruption_severity,detailed_avg_sleep_respiration,detailed_avg_waking_respiration,detailed_highest_respiration,detailed_lowest_respiration,respiration_range
2025-09-26,92.0,44.0,59.0,53.0,80.0,115.0,75.0,225.0,10.0,97.6,1758845718000.0,1758871218000.0,57.0,BALANCED,57.0,,,19.0,84.0,8322.0,16.43602,190.0,12.0,95.0,40.0,480.0,500.0,INCREASED,LOW,12.0,12.0,20.0,5.0,15.0
2025-09-27,98.0,41.0,56.0,57.0,81.0,141.0,73.0,214.0,26.0,94.3,1758932676000.0,1758959916000.0,59.0,UNBALANCED,59.0,,,17.0,84.0,3518.0,6.06955,503.0,12.0,94.0,40.0,480.0,480.0,NO_CHANGE_NO_ADJUSTMENTS,LOW,12.0,12.0,18.0,5.0,13.0
2025-09-28,99.0,42.0,59.0,57.0,90.0,107.0,87.0,263.0,9.0,98.1,1759024641000.0,1759052564000.0,61.0,UNBALANCED,61.0,,,18.0,91.0,11673.0,35.0,557.0,13.0,96.0,39.0,480.0,450.0,DECREASED,NONE,12.0,13.0,20.0,6.0,14.0
2025-09-29,100.0,57.0,57.0,45.0,88.0,85.0,92.0,260.0,20.0,95.6,1759106011000.0,1759133431000.0,62.0,BALANCED,62.0,,,15.0,99.0,7805.0,20.23228,187.0,12.0,96.0,38.0,480.0,480.0,NO_CHANGE_NO_ADJUSTMENTS,NONE,12.0,12.0,21.0,6.0,15.0
2025-09-30,100.0,43.0,44.0,58.0,96.0,87.0,118.0,282.0,9.0,98.2,1759192105000.0,1759221865000.0,69.0,BALANCED,69.0,,,19.0,86.0,1638.0,7.24541,387.0,13.0,96.0,40.0,480.0,480.0,NO_CHANGE_NO_ADJUSTMENTS,,12.0,13.0,21.0,8.0,13.0
2025-10-01,100.0,51.0,59.0,49.0,96.0,109.0,117.0,255.0,10.0,98.0,1759279130000.0,1759308543000.0,63.0,BALANCED,63.0,,,17.0,92.0,10374.0,34.0,447.0,12.0,95.0,38.0,480.0,480.0,NO_CHANGE_NO_ADJUSTMENTS,NONE,12.0,12.0,20.0,7.0,13.0
2025-10-02,100.0,40.0,47.0,60.0,76.0,88.0,48.0,289.0,44.0,90.6,1759362606000.0,1759390713000.0,60.0,BALANCED,60.0,,,18.0,90.0,6544.0,12.26378,389.0,12.0,96.0,41.0,480.0,460.0,DECREASED,LOW,11.0,12.0,19.0,6.0,13.0
2025-10-03,40.0,12.0,8.0,36.0,,0.0,0.0,0.0,0.0,,,,,,,,,25.0,97.0,7457.0,9.0,96.0,12.0,95.0,,480.0,480.0,NO_CHANGE_NO_ADJUSTMENTS,,,12.0,22.0,6.0,16.0
2025-10-04,92.0,27.0,80.0,65.0,98.0,91.0,124.0,291.0,9.0,98.3,1759538075000.0,1759568975000.0,84.0,BALANCED,84.0,,,19.0,93.0,17670.0,59.11581,592.0,13.0,95.0,39.0,480.0,480.0,NO_CHANGE_NO_ADJUSTMENTS,NONE,11.0,13.0,20.0,6.0,14.0
2025-10-05,71.0,42.0,64.0,45.0,71.0,87.0,60.0,200.0,12.0,96.7,1759642360000.0,1759663881000.0,73.0,BALANCED,73.0,,,22.0,97.0,17827.0,27.22146,363.0,13.0,96.0,42.0,480.0,480.0,NO_CHANGE_NO_ADJUSTMENTS,LOW,11.0,13.0,19.0,6.0,13.0
2025-10-06,99.0,45.0,59.0,60.0,91.0,50.0,115.0,296.0,2.0,99.6,1759711667000.0,1759739431000.0,83.0,BALANCED,83.0,,,17.0,98.0,7004.0,11.47605,109.0,12.0,95.0,42.0,480.0,530.0,HIGHLY_INCREASED,,11.0,12.0,17.0,5.0,12.0
2025-10-07,99.0,28.0,54.0,71.0,86.0,67.0,97.0,260.0,4.0,99.1,1759795651000.0,1759821313000.0,81.0,BALANCED,81.0,,,25.0,96.0,6135.0,5.45833,454.0,12.0,96.0,38.0,480.0,480.0,NO_CHANGE_NO_ADJUSTMENTS,NONE,11.0,12.0,21.0,7.0,14.0
2025-10-08,91.0,32.0,72.0,65.0,82.0,105.0,101.0,292.0,35.0,93.4,1759882401000.0,1759914336000.0,67.0,BALANCED,67.0,,,22.0,96.0,10833.0,42.18963,462.0,12.0,96.0,40.0,480.0,480.0,NO_CHANGE_NO_ADJUSTMENTS,LOW,12.0,12.0,19.0,7.0,12.0
2025-10-09,80.0,36.0,48.0,46.0,76.0,129.0,84.0,206.0,24.0,94.6,1759967561000.0,1759994111000.0,52.0,BALANCED,52.0,,,23.0,92.0,6264.0,14.0,466.0,12.0,96.0,41.0,480.0,480.0,NO_CHANGE_NO_ADJUSTMENTS,NONE,12.0,12.0,19.0,7.0,12.0
2025-10-10,96.0,44.0,66.0,58.0,89.0,125.0,135.0,188.0,5.0,98.9,1760058715000.0,1760085895000.0,60.0,BALANCED,60.0,,,19.0,88.0,7828.0,10.0,223.0,12.0,96.0,41.0,480.0,460.0,DECREASED,NONE,11.0,12.0,21.0,6.0,15.0
2025-10-11,95.0,32.0,58.0,70.0,78.0,113.0,56.0,201.0,2.0,99.5,1760146087000.0,1760168407000.0,64.0,BALANCED,64.0,,,22.0,84.0,13931.0,48.77461,538.0,12.0,95.0,40.0,480.0,480.0,NO_CHANGE_NO_ADJUSTMENTS,LOW,11.0,12.0,21.0,7.0,14.0
2025-10-12,99.0,41.0,70.0,61.0,88.0,68.0,80.0,336.0,10.0,98.0,1760236937000.0,1760266566000.0,69.0,BALANCED,69.0,,,19.0,93.0,4919.0,4.6729,365.0,13.0,95.0,42.0,480.0,500.0,INCREASED,NONE,12.0,13.0,20.0,6.0,14.0
2025-10-13,98.0,17.0,59.0,83.0,80.0,48.0,95.0,256.0,8.0,98.0,1760313499000.0,1760337919000.0,77.0,BALANCED,77.0,,,30.0,94.0,23262.0,73.56496,934.0,13.0,95.0,41.0,480.0,480.0,NO_CHANGE_NO_ADJUSTMENTS,LOW,11.0,13.0,20.0,6.0,14.0
2025-10-14,77.0,28.0,62.0,51.0,77.0,30.0,103.0,317.0,38.0,92.2,1760404902000.0,1760434165000.0,62.0,BALANCED,62.0,,,23.0,91.0,2216.0,4.63911,533.0,13.0,96.0,45.0,480.0,480.0,NO_CHANGE_NO_ADJUSTMENTS,NONE,12.0,13.0,18.0,8.0,10.0
2025-10-15,28.0,5.0,1.0,24.0,,0.0,0.0,0.0,0.0,,,,,,,,,55.0,72.0,4148.0,10.75984,415.0,,95.0,,480.0,500.0,INCREASED,,,,,,
2025-10-16,5.0,5.0,0.0,0.0,,0.0,0.0,0.0,0.0,,,,,,,,,28.0,91.0,12132.0,36.0,397.0,13.0,97.0,,480.0,480.0,NO_CHANGE_NO_ADJUSTMENTS,,,13.0,18.0,7.0,11.0
2025-10-17,65.0,17.0,60.0,48.0,74.0,128.0,54.0,177.0,15.0,96.0,1760661438000.0,1760683878000.0,66.0,BALANCED,66.0,,,22.0,91.0,8854.0,15.63583,187.0,13.0,95.0,42.0,480.0,480.0,NO_CHANGE_NO_ADJUSTMENTS,LOW,12.0,13.0,19.0,6.0,13.0
2025-10-18,81.0,16.0,66.0,67.0,86.0,114.0,97.0,298.0,21.0,96.0,1760750133000.0,1760781914000.0,56.0,BALANCED,56.0,,,33.0,93.0,7575.0,17.0,99.0,13.0,95.0,41.0,480.0,480.0,NO_CHANGE_NO_ADJUSTMENTS,NONE,12.0,13.0,19.0,6.0,13.0
2025-10-19,74.0,57.0,83.0,37.0,79.0,90.0,52.0,277.0,1.0,99.8,1760854547000.0,1760879744000.0,70.0,BALANCED,70.0,,,19.0,96.0,9906.0,10.09285,181.0,13.0,97.0,43.0,480.0,480.0,NO_CHANGE_NO_ADJUSTMENTS,NONE,12.0,13.0,20.0,5.0,15.0
2025-10-20,100.0,59.0,48.0,51.0,89.0,34.0,142.0,342.0,8.0,98.5,1760918084000.0,1760949600000.0,60.0,BALANCED,60.0,,,15.0,91.0,8615.0,5.44948,141.0,12.0,95.0,41.0,480.0,480.0,NO_CHANGE_BALANCED,LOW,11.0,12.0,20.0,6.0,14.0
2025-10-21,100.0,45.0,50.0,60.0,90.0,45.0,103.0,324.0,3.0,99.4,1761005760000.0,1761034260000.0,79.0,BALANCED,79.0,,,17.0,87.0,5650.0,4.4918,435.0,12.0,96.0,38.0,480.0,440.0,DECREASED,LOW,11.0,12.0,20.0,6.0,14.0
2025-10-22,100.0,47.0,52.0,54.0,95.0,97.0,133.0,238.0,1.0,99.8,1761092216000.0,1761120336000.0,66.0,BALANCED,66.0,,,18.0,81.0,2517.0,5.0,261.0,12.0,96.0,39.0,480.0,450.0,DECREASED,LOW,12.0,12.0,21.0,6.0,15.0
2025-10-23,100.0,27.0,53.0,73.0,97.0,84.0,114.0,252.0,7.0,98.5,1761180651000.0,1761208071000.0,74.0,BALANCED,74.0,,,23.0,99.0,14599.0,36.48622,617.0,14.0,96.0,38.0,480.0,460.0,DECREASED,NONE,11.0,14.0,40.0,5.0,35.0
2025-10-24,79.0,32.0,53.0,48.0,81.0,66.0,104.0,243.0,5.0,98.8,1761265301000.0,1761290381000.0,65.0,BALANCED,65.0,,,26.0,90.0,8060.0,9.41207,250.0,12.0,95.0,43.0,480.0,480.0,NO_CHANGE_NO_ADJUSTMENTS,NONE,12.0,12.0,22.0,6.0,16.0
2025-10-25,85.0,12.0,55.0,75.0,77.0,69.0,121.0,199.0,8.0,98.0,1761356674000.0,1761380494000.0,67.0,BALANCED,67.0,,,25.0,99.0,11701.0,29.7044,1379.0,16.0,96.0,43.0,480.0,480.0,NO_CHANGE_NO_ADJUSTMENTS,NONE,12.0,16.0,49.0,7.0,42.0
2025-10-26,16.0,5.0,14.0,21.0,30.0,48.0,0.0,168.0,8.0,96.4,1761456189000.0,1761469629000.0,46.0,BALANCED,46.0,,,40.0,96.0,11780.0,32.04659,401.0,14.0,95.0,44.0,480.0,460.0,DECREASED,NONE,14.0,14.0,24.0,7.0,17.0
2025-10-27,76.0,40.0,73.0,36.0,88.0,63.0,140.0,314.0,8.0,98.5,1761523607000.0,1761555069000.0,55.0,BALANCED,55.0,,,20.0,87.0,6366.0,2.26411,141.0,12.0,96.0,45.0,480.0,480.0,NO_CHANGE_BALANCED,NONE,12.0,12.0,23.0,4.0,19.0
2025-10-28,100.0,35.0,64.0,67.0,88.0,86.0,73.0,292.0,0.0,100.0,1761612010000.0,1761639065000.0,71.0,BALANCED,71.0,,,21.0,98.0,8055.0,20.0,513.0,12.0,96.0,43.0,480.0,480.0,NO_CHANGE_NO_ADJUSTMENTS,NONE,12.0,12.0,23.0,5.0,18.0
2025-10-29,100.0,34.0,67.0,38.0,90.0,76.0,111.0,346.0,0.0,100.0,1761696175000.0,1761728114000.0,70.0,BALANCED,70.0,,,22.0,91.0,1444.0,3.27493,317.0,15.0,96.0,42.0,480.0,480.0,NO_CHANGE_NO_ADJUSTMENTS,,12.0,15.0,36.0,7.0,29.0
2025-10-30,86.0,29.0,50.0,57.0,85.0,85.0,123.0,229.0,0.0,100.0,1761782629000.0,1761808807000.0,63.0,BALANCED,63.0,,,25.0,96.0,15451.0,61.1086,656.0,13.0,96.0,44.0,480.0,460.0,DECREASED,NONE,12.0,13.0,21.0,7.0,14.0
2025-10-31,87.0,42.0,61.0,48.0,91.0,137.0,101.0,234.0,8.0,98.3,1761873269000.0,1761902069000.0,55.0,UNBALANCED,55.0,,,22.0,97.0,3633.0,19.58399,80.0,12.0,95.0,40.0,480.0,480.0,NO_CHANGE_NO_ADJUSTMENTS,NONE,11.0,12.0,20.0,7.0,13.0
2025-11-01,99.0,19.0,58.0,81.0,86.0,140.0,96.0,191.0,17.0,96.2,1761963380000.0,1761990020000.0,70.0,UNBALANCED,70.0,,,27.0,96.0,9339.0,8.30217,1370.0,17.0,96.0,40.0,480.0,480.0,NO_CHANGE_NO_ADJUSTMENTS,NONE,11.0,17.0,47.0,7.0,40.0
2025-11-02,64.0,15.0,47.0,50.0,71.0,91.0,77.0,187.0,23.0,93.9,1762048608000.0,1762071288000.0,58.0,BALANCED,58.0,,,29.0,94.0,10236.0,25.00295,575.0,12.0,97.0,43.0,480.0,480.0,NO_CHANGE_NO_ADJUSTMENTS,NONE,13.0,12.0,21.0,6.0,15.0
2025-11-03,81.0,26.0,66.0,55.0,89.0,98.0,128.0,267.0,18.0,96.5,1762128606000.0,1762159266000.0,56.0,BALANCED,56.0,,,28.0,96.0,12699.0,67.79888,281.0,13.0,95.0,45.0,480.0,520.0,INCREASED,NONE,12.0,13.0,22.0,7.0,15.0
2025-11-04,79.0,36.0,53.0,43.0,84.0,125.0,75.0,271.0,14.0,97.1,1762214595000.0,1762243658000.0,53.0,UNBALANCED,53.0,,,24.0,90.0,3792.0,9.53773,45.0,13.0,95.0,43.0,480.0,480.0,NO_CHANGE_NO_ADJUSTMENTS,NONE,12.0,13.0,22.0,7.0,15.0
2025-11-05,97.0,44.0,65.0,54.0,88.0,89.0,72.0,338.0,1.0,99.8,1762302457000.0,1762332451000.0,60.0,UNBALANCED,60.0,,,19.0,97.0,4553.0,10.53412,94.0,12.0,95.0,44.0,480.0,480.0,NO_CHANGE_NO_ADJUSTMENTS,NONE,12.0,12.0,21.0,6.0,15.0
2025-11-06,100.0,28.0,56.0,75.0,86.0,74.0,81.0,349.0,11.0,97.9,1762385611000.0,1762416509000.0,68.0,UNBALANCED,68.0,,,25.0,94.0,18152.0,45.32283,807.0,14.0,95.0,42.0,480.0,480.0,NO_CHANGE_BALANCED,NONE,12.0,14.0,41.0,5.0,36.0
2025-11-07,80.0,28.0,57.0,55.0,77.0,100.0,71.0,207.0,0.0,100.0,1762477329000.0,1762500008000.0,61.0,BALANCED,61.0,,,23.0,89.0,9057.0,15.57644,251.0,13.0,96.0,45.0,480.0,480.0,NO_CHANGE_BALANCED,NONE,12.0,13.0,23.0,6.0,17.0
2025-11-08,92.0,26.0,65.0,69.0,91.0,91.0,143.0,302.0,9.0,98.3,1762561342000.0,1762594042000.0,59.0,UNBALANCED,59.0,,,26.0,99.0,9905.0,9.14829,1512.0,20.0,95.0,42.0,480.0,480.0,NO_CHANGE_NO_ADJUSTMENTS,LOW,12.0,20.0,43.0,7.0,36.0
2025-11-09,70.0,31.0,46.0,41.0,79.0,81.0,59.0,352.0,17.0,96.7,1762650589000.0,1762681129000.0,44.0,LOW,44.0,,,26.0,98.0,11354.0,34.70636,564.0,15.0,97.0,47.0,480.0,480.0,NO_CHANGE_NO_ADJUSTMENTS,NONE,13.0,15.0,39.0,7.0,32.0
2025-11-10,91.0,51.0,62.0,42.0,89.0,65.0,131.0,316.0,8.0,98.5,1762736018000.0,1762767218000.0,54.0,LOW,54.0,,,19.0,98.0,2604.0,14.0,37.0,12.0,95.0,45.0,480.0,500.0,INCREASED,NONE,12.0,12.0,20.0,4.0,16.0
2025-11-11,94.0,47.0,43.0,47.0,85.0,60.0,143.0,275.0,16.0,96.8,1762822429000.0,1762852050000.0,47.0,LOW,47.0,,,20.0,98.0,5883.0,16.50656,155.0,12.0,94.0,48.0,480.0,480.0,NO_CHANGE_BALANCED,NONE,12.0,12.0,22.0,5.0,17.0
2025-11-12,100.0,47.0,55.0,55.0,92.0,85.0,116.0,318.0,10.0,98.1,1762906050000.0,1762937789000.0,63.0,LOW,63.0,,,19.0,87.0,3120.0,2.14993,74.0,13.0,97.0,42.0,480.0,480.0,NO_CHANGE_BALANCED,NONE,12.0,13.0,23.0,7.0,16.0
2025-11-13,100.0,28.0,53.0,72.0,84.0,42.0,101.0,369.0,13.0,97.5,1762992406000.0,1763023906000.0,68.0,LOW,68.0,,,27.0,93.0,16394.0,55.19029,689.0,15.0,95.0,41.0,480.0,480.0,NO_CHANGE_BALANCED,NONE,11.0,15.0,20.0,6.0,14.0
2025-11-14,86.0,36.0,58.0,50.0,91.0,100.0,107.0,281.0,7.0,98.6,1763078700000.0,1763108400000.0,58.0,LOW,58.0,,,23.0,75.0,7014.0,9.27034,198.0,13.0,96.0,43.0,480.0,480.0,NO_CHANGE_BALANCED,LOW,12.0,13.0,23.0,5.0,18.0
2025-11-15,82.0,11.0,50.0,75.0,87.0,151.0,90.0,243.0,4.0,99.2,1763173573000.0,1763202846000.0,53.0,LOW,53.0,,,38.0,98.0,16419.0,33.11811,786.0,16.0,96.0,44.0,480.0,480.0,NO_CHANGE_BALANCED,NONE,12.0,16.0,38.0,7.0,31.0
2025-11-16,43.0,36.0,46.0,18.0,73.0,126.0,38.0,244.0,3.0,99.3,1763270004000.0,1763294641000.0,51.0,UNBALANCED,51.0,,,27.0,96.0,4310.0,8.0,75.0,13.0,96.0,48.0,480.0,500.0,INCREASED,NONE,12.0,13.0,21.0,7.0,14.0
2025-11-17,100.0,53.0,64.0,50.0,90.0,38.0,109.0,336.0,1.0,99.8,1763340961000.0,1763369986000.0,63.0,UNBALANCED,63.0,,,18.0,89.0,8172.0,7.42881,136.0,12.0,97.0,43.0,480.0,520.0,INCREASED,NONE,11.0,12.0,19.0,6.0,13.0
2025-11-18,100.0,44.0,50.0,59.0,90.0,61.0,108.0,300.0,9.0,98.1,1763426146000.0,1763454808000.0,69.0,BALANCED,69.0,,,20.0,93.0,6769.0,24.47244,124.0,12.0,96.0,42.0,480.0,480.0,NO_CHANGE_BALANCED,NONE,11.0,12.0,22.0,7.0,15.0
2025-11-19,100.0,41.0,58.0,61.0,87.0,87.0,81.0,272.0,6.0,98.7,1763512568000.0,1763539328000.0,70.0,BALANCED,70.0,,,22.0,86.0,1539.0,2.36188,474.0,12.0,96.0,41.0,480.0,460.0,DECREASED,NONE,11.0,12.0,22.0,7.0,15.0
2025-11-20,95.0,45.0,61.0,57.0,87.0,109.0,102.0,236.0,10.0,97.8,1763603832000.0,1763631252000.0,58.0,BALANCED,58.0,,,20.0,90.0,9256.0,26.79692,452.0,14.0,97.0,41.0,480.0,480.0,NO_CHANGE_NO_ADJUSTMENTS,NONE,11.0,14.0,40.0,8.0,32.0
2025-11-21,96.0,55.0,55.0,45.0,83.0,116.0,109.0,291.0,47.0,91.7,1763689149000.0,1763722929000.0,50.0,UNBALANCED,50.0,,,20.0,84.0,1289.0,4.33399,5.0,13.0,96.0,42.0,480.0,480.0,NO_CHANGE_NO_ADJUSTMENTS,NONE,11.0,13.0,21.0,6.0,15.0
2025-11-22,97.0,18.0,52.0,89.0,87.0,63.0,112.0,300.0,13.0,97.3,1763777293000.0,1763807322000.0,52.0,UNBALANCED,52.0,,,30.0,96.0,18668.0,35.07612,967.0,17.0,94.0,44.0,480.0,480.0,NO_CHANGE_NO_ADJUSTMENTS,,12.0,17.0,40.0,7.0,33.0
2025-11-23,52.0,40.0,54.0,26.0,63.0,121.0,14.0,289.0,4.0,99.1,1763873461000.0,1763899133000.0,50.0,UNBALANCED,50.0,,,28.0,94.0,2944.0,7.75066,38.0,13.0,96.0,47.0,480.0,480.0,NO_CHANGE_NO_ADJUSTMENTS,NONE,14.0,13.0,22.0,7.0,15.0
2025-11-24,100.0,45.0,56.0,57.0,88.0,62.0,99.0,357.0,17.0,96.8,1763941853000.0,1763973953000.0,61.0,UNBALANCED,61.0,,,18.0,92.0,9824.0,31.0,113.0,13.0,94.0,43.0,480.0,440.0,DECREASED,NONE,12.0,13.0,22.0,7.0,15.0
2025-11-25,100.0,48.0,55.0,52.0,87.0,53.0,77.0,367.0,10.0,98.0,1764029025000.0,1764059441000.0,69.0,UNBALANCED,69.0,,,18.0,92.0,7958.0,32.5082,110.0,12.0,96.0,43.0,480.0,440.0,DECREASED,NONE,11.0,12.0,19.0,7.0,12.0
2025-11-26,95.0,38.0,47.0,57.0,87.0,107.0,87.0,263.0,15.0,96.8,1764116087000.0,1764146987000.0,54.0,UNBALANCED,54.0,,,23.0,99.0,7401.0,20.09383,385.0,12.0,97.0,43.0,480.0,460.0,DECREASED,NONE,12.0,12.0,20.0,7.0,13.0
2025-11-27,92.0,39.0,60.0,57.0,84.0,115.0,81.0,219.0,0.0,100.0,1764207052000.0,1764231928000.0,57.0,UNBALANCED,57.0,,,20.0,95.0,16375.0,32.35105,713.0,14.0,97.0,44.0,480.0,480.0,NO_CHANGE_NO_ADJUSTMENTS,NONE,12.0,14.0,44.0,6.0,38.0
2025-11-28,95.0,53.0,59.0,47.0,87.0,110.0,103.0,266.0,25.0,95.0,1764289262000.0,1764320522000.0,48.0,UNBALANCED,48.0,,,18.0,90.0,8636.0,7.38648,219.0,12.0,96.0,44.0,480.0,500.0,INCREASED,NONE,12.0,12.0,24.0,6.0,18.0
2025-11-29,90.0,27.0,53.0,77.0,75.0,101.0,60.0,209.0,15.0,96.1,1764387139000.0,1764410224000.0,61.0,UNBALANCED,61.0,,,26.0,98.0,23120.0,61.70604,1016.0,13.0,96.0,44.0,480.0,480.0,NO_CHANGE_NO_ADJUSTMENTS,NONE,12.0,13.0,22.0,5.0,17.0
2025-11-30,92.0,46.0,71.0,49.0,82.0,64.0,139.0,341.0,41.0,93.0,1764464908000.0,1764499974000.0,54.0,UNBALANCED,54.0,,,19.0,89.0,5149.0,10.0,430.0,15.0,96.0,45.0,480.0,520.0,INCREASED,NONE,12.0,15.0,37.0,7.0,30.0
2025-12-01,100.0,53.0,49.0,47.0,88.0,95.0,157.0,263.0,40.0,92.8,1764544207000.0,1764577506000.0,58.0,UNBALANCED,58.0,,,17.0,89.0,8192.0,20.40945,197.0,12.0,96.0,43.0,480.0,480.0,NO_CHANGE_NO_ADJUSTMENTS,NONE,12.0,12.0,20.0,7.0,13.0
2025-12-02,100.0,45.0,49.0,57.0,80.0,66.0,69.0,294.0,22.0,95.1,1764636546000.0,1764663606000.0,69.0,UNBALANCED,69.0,,,19.0,99.0,9903.0,24.57612,288.0,12.0,96.0,41.0,480.0,450.0,DECREASED,NONE,11.0,12.0,22.0,5.0,17.0
2025-12-03,98.0,48.0,58.0,55.0,89.0,86.0,138.0,197.0,0.0,100.0,1764728065000.0,1764753325000.0,77.0,BALANCED,77.0,,,18.0,78.0,9123.0,29.67159,408.0,13.0,97.0,39.0,480.0,480.0,NO_CHANGE_NO_ADJUSTMENTS,NONE,11.0,13.0,36.0,6.0,30.0
2025-12-04,96.0,29.0,53.0,72.0,82.0,134.0,109.0,151.0,0.0,100.0,1764815978000.0,1764839618000.0,66.0,BALANCED,66.0,,,25.0,96.0,9323.0,20.74049,191.0,13.0,96.0,41.0,480.0,480.0,NO_CHANGE_NO_ADJUSTMENTS,NONE,11.0,13.0,20.0,7.0,13.0
2025-12-05,89.0,32.0,63.0,60.0,76.0,97.0,35.0,333.0,18.0,96.3,1764896871000.0,1764925851000.0,65.0,BALANCED,65.0,,,22.0,95.0,17235.0,40.46982,684.0,14.0,97.0,45.0,480.0,500.0,INCREASED,NONE,12.0,14.0,39.0,7.0,32.0
2025-12-06,100.0,22.0,70.0,59.0,91.0,79.0,101.0,306.0,13.0,97.4,1764983193000.0,1765013127000.0,68.0,BALANCED,68.0,,,26.0,96.0,18495.0,39.0,776.0,13.0,96.0,43.0,480.0,480.0,NO_CHANGE_NO_ADJUSTMENTS,NONE,11.0,13.0,19.0,5.0,14.0
2025-12-07,33.0,16.0,34.0,34.0,50.0,45.0,0.0,318.0,30.0,92.4,1765087584000.0,1765111164000.0,48.0,BALANCED,48.0,,,38.0,94.0,13309.0,22.22605,308.0,13.0,94.0,46.0,480.0,480.0,NO_CHANGE_NO_ADJUSTMENTS,NONE,13.0,13.0,20.0,6.0,14.0
2025-12-08,100.0,48.0,78.0,52.0,93.0,113.0,110.0,308.0,0.0,100.0,1765152768000.0,1765184602000.0,74.0,BALANCED,74.0,,,16.0,89.0,11586.0,10.38583,126.0,12.0,94.0,43.0,480.0,540.0,HIGHLY_INCREASED,NONE,11.0,12.0,21.0,6.0,15.0
2025-12-09,100.0,47.0,58.0,59.0,97.0,108.0,126.0,285.0,7.0,98.7,1765241182000.0,1765272742000.0,68.0,BALANCED,68.0,,,18.0,99.0,9013.0,18.67388,279.0,13.0,96.0,41.0,480.0,460.0,DECREASED,NONE,12.0,13.0,21.0,7.0,14.0
2025-12-10,100.0,49.0,53.0,51.0,90.0,82.0,89.0,301.0,11.0,97.7,1765326689000.0,1765355627000.0,75.0,BALANCED,75.0,,,18.0,89.0,921.0,6.0,3.0,12.0,95.0,42.0,480.0,450.0,DECREASED,NONE,12.0,12.0,20.0,5.0,15.0
2025-12-11,100.0,30.0,54.0,73.0,91.0,66.0,94.0,299.0,9.0,98.1,1765413023000.0,1765441084000.0,70.0,BALANCED,70.0,,,27.0,96.0,13337.0,40.55577,549.0,14.0,95.0,43.0,480.0,460.0,DECREASED,NONE,12.0,14.0,21.0,6.0,15.0
2025-12-12,86.0,29.0,64.0,60.0,81.0,61.0,72.0,324.0,18.0,96.2,1765498829000.0,1765527329000.0,66.0,BALANCED,66.0,,,23.0,91.0,8887.0,5.76115,641.0,15.0,96.0,43.0,480.0,480.0,NO_CHANGE_NO_ADJUSTMENTS,NONE,12.0,15.0,41.0,5.0,36.0
2025-12-13,94.0,20.0,63.0,79.0,92.0,90.0,92.0,298.0,20.0,96.0,1765589009000.0,1765619009000.0,65.0,BALANCED,65.0,,,31.0,99.0,4694.0,10.56365,715.0,17.0,95.0,45.0,480.0,480.0,NO_CHANGE_NO_ADJUSTMENTS,LOW,12.0,17.0,42.0,6.0,36.0
2025-12-14,28.0,16.0,25.0,29.0,33.0,45.0,0.0,237.0,147.0,65.7,1765689357000.0,1765715097000.0,44.0,BALANCED,44.0,,,36.0,91.0,4319.0,11.0,47.0,14.0,94.0,47.0,480.0,480.0,NO_CHANGE_NO_ADJUSTMENTS,NONE,13.0,14.0,22.0,6.0,16.0
2025-12-15,45.0,10.0,14.0,26.0,,0.0,0.0,0.0,0.0,,,,,,,,,25.0,91.0,2392.0,3.0,472.0,16.0,97.0,,480.0,540.0,HIGHLY_INCREASED,,,16.0,38.0,6.0,32.0
2025-12-16,74.0,39.0,69.0,38.0,80.0,130.0,84.0,201.0,5.0,98.8,1765849979000.0,1765875179000.0,44.0,BALANCED,44.0,,,20.0,92.0,6512.0,16.06102,90.0,13.0,96.0,45.0,480.0,480.0,NO_CHANGE_NO_ADJUSTMENTS,NONE,12.0,13.0,23.0,6.0,17.0
2025-12-17,98.0,32.0,57.0,66.0,85.0,61.0,76.0,321.0,6.0,98.7,1765933833000.0,1765961673000.0,61.0,BALANCED,61.0,,,21.0,96.0,15276.0,37.0,683.0,14.0,96.0,44.0,480.0,480.0,NO_CHANGE_NO_ADJUSTMENTS,NONE,11.0,14.0,39.0,7.0,32.0
2025-12-18,84.0,35.0,52.0,49.0,80.0,58.0,108.0,242.0,0.0,100.0,1766021817000.0,1766046717000.0,56.0,UNBALANCED,56.0,,,23.0,84.0,1101.0,2.54134,2.0,12.0,96.0,45.0,480.0,480.0,NO_CHANGE_NO_ADJUSTMENTS,NONE,12.0,12.0,22.0,7.0,15.0
2025-12-19,93.0,38.0,59.0,56.0,86.0,81.0,93.0,316.0,19.0,96.3,1766105424000.0,1766135964000.0,56.0,UNBALANCED,56.0,,,22.0,98.0,5739.0,0.74377,519.0,15.0,96.0,44.0,480.0,480.0,NO_CHANGE_NO_ADJUSTMENTS,LOW,12.0,15.0,40.0,6.0,34.0
2025-12-20,90.0,34.0,55.0,59.0,85.0,42.0,134.0,328.0,16.0,96.9,1766194946000.0,1766226133000.0,52.0,LOW,52.0,,,23.0,96.0,9312.0,41.76017,839.0,16.0,95.0,44.0,480.0,500.0,INCREASED,NONE,12.0,16.0,41.0,8.0,33.0
2025-12-21,90.0,42.0,60.0,50.0,84.0,61.0,150.0,310.0,19.0,96.5,1766280180000.0,1766312534000.0,47.0,LOW,47.0,,,21.0,99.0,6893.0,5.0,350.0,14.0,96.0,44.0,480.0,500.0,INCREASED,NONE,12.0,14.0,21.0,7.0,14.0
2025-12-22,86.0,24.0,41.0,62.0,73.0,111.0,42.0,204.0,3.0,99.2,1766358897000.0,1766380453000.0,48.0,LOW,48.0,,,24.0,87.0,6517.0,14.0,440.0,14.0,96.0,43.0,480.0,480.0,NO_CHANGE_BALANCED,NONE,12.0,14.0,23.0,7.0,16.0
2025-12-23,94.0,30.0,72.0,66.0,85.0,92.0,57.0,351.0,9.0,98.2,1766447059000.0,1766479722000.0,55.0,UNBALANCED,55.0,,,22.0,90.0,11462.0,32.29659,560.0,15.0,97.0,45.0,480.0,500.0,INCREASED,NONE,12.0,15.0,43.0,7.0,36.0
2025-12-24,88.0,46.0,73.0,48.0,85.0,87.0,81.0,270.0,0.0,100.0,1766539781000.0,1766566061000.0,57.0,UNBALANCED,57.0,,,20.0,87.0,4422.0,15.79068,35.0,13.0,96.0,44.0,480.0,480.0,NO_CHANGE_NO_ADJUSTMENTS,NONE,12.0,13.0,20.0,5.0,15.0
2025-12-25,82.0,55.0,60.0,43.0,64.0,76.0,34.0,204.0,14.0,95.7,1766615872000.0,1766635552000.0,,,,,,16.0,69.0,8304.0,38.22047,120.0,12.0,,45.0,480.0,500.0,INCREASED,,12.0,12.0,20.0,4.0,16.0
2025-12-26,96.0,62.0,66.0,61.0,80.0,65.0,65.0,268.0,2.0,99.5,1766697804000.0,1766721794000.0,,,,,,15.0,84.0,5903.0,26.1437,74.0,12.0,,42.0,480.0,510.0,INCREASED,,12.0,12.0,20.0,4.0,16.0
2025-12-27,97.0,59.0,48.0,52.0,79.0,71.0,47.0,287.0,3.0,99.3,1766784144000.0,1766808616000.0,,,,,,16.0,81.0,5498.0,37.0,43.0,12.0,,42.0,480.0,420.0,DECREASED,,12.0,12.0,20.0,4.0,16.0
2025-12-28,99.0,52.0,56.0,59.0,79.0,47.0,49.0,298.0,12.0,97.0,1766870819000.0,1766895179000.0,,,,,,18.0,91.0,6325.0,29.0,84.0,12.0,,42.0,480.0,420.0,DECREASED,,12.0,12.0,18.0,5.0,13.0
2025-12-29,97.0,63.0,57.0,56.0,81.0,87.0,66.0,234.0,19.0,95.3,1766957064000.0,1766981420000.0,,,,,,17.0,91.0,7451.0,41.66404,123.0,12.0,,40.0,480.0,420.0,DECREASED,,12.0,12.0,22.0,5.0,17.0
2025-12-30,96.0,43.0,43.0,58.0,69.0,47.0,65.0,209.0,2.0,99.4,1767048930000.0,1767068310000.0,90.0,BALANCED,90.0,,,20.0,87.0,8343.0,37.6063,135.0,13.0,,43.0,480.0,420.0,DECREASED,,11.0,13.0,22.0,7.0,15.0
2025-12-31,93.0,57.0,66.0,52.0,37.0,100.0,0.0,109.0,156.0,57.3,1767156986000.0,1767178847000.0,77.0,UNBALANCED,77.0,,,18.0,93.0,9003.0,38.15518,151.0,12.0,,42.0,480.0,420.0,DECREASED,,12.0,12.0,21.0,5.0,16.0
2026-01-01,100.0,48.0,57.0,67.0,77.0,77.0,72.0,240.0,27.0,93.5,1767217187000.0,1767242137000.0,79.0,UNBALANCED,79.0,,,21.0,85.0,8232.0,27.40912,128.0,13.0,,42.0,480.0,440.0,DECREASED,,11.0,13.0,20.0,5.0,15.0
2026-01-02,94.0,63.0,66.0,49.0,77.0,38.0,66.0,292.0,6.0,98.5,1767304644000.0,1767328764000.0,76.0,UNBALANCED,76.0,,,19.0,81.0,8235.0,30.38419,42.0,12.0,,41.0,480.0,420.0,DECREASED,,12.0,12.0,19.0,5.0,14.0
2026-01-03,98.0,44.0,43.0,61.0,76.0,50.0,56.0,265.0,1.0,99.7,1767391724000.0,1767414024000.0,89.0,UNBALANCED,89.0,,,20.0,93.0,7171.0,31.62467,113.0,13.0,,41.0,480.0,420.0,DECREASED,,11.0,13.0,21.0,5.0,16.0
2026-01-04,95.0,21.0,56.0,77.0,79.0,44.0,54.0,256.0,3.0,99.2,1767478408000.0,1767499807000.0,82.0,UNBALANCED,82.0,,,25.0,91.0,13206.0,24.1145,514.0,14.0,,42.0,480.0,420.0,DECREASED,,12.0,14.0,39.0,5.0,34.0
2026-01-05,100.0,43.0,78.0,57.0,90.0,75.0,98.0,334.0,19.0,96.4,1767566434000.0,1767597953000.0,83.0,UNBALANCED,83.0,,,18.0,94.0,6562.0,5.0,151.0,12.0,,40.0,480.0,510.0,INCREASED,,11.0,12.0,24.0,6.0,18.0
2026-01-06,100.0,34.0,53.0,67.0,93.0,75.0,153.0,282.0,6.0,98.8,1767652469000.0,1767683411000.0,85.0,UNBALANCED,85.0,,,24.0,97.0,7071.0,27.46752,399.0,14.0,,42.0,480.0,460.0,DECREASED,,11.0,14.0,36.0,7.0,29.0
2026-01-07,100.0,30.0,68.0,70.0,89.0,102.0,91.0,314.0,19.0,96.4,1767737852000.0,1767769412000.0,79.0,UNBALANCED,79.0,,,26.0,98.0,12454.0,35.19751,506.0,14.0,,43.0,480.0,450.0,DECREASED,,11.0,14.0,35.0,7.0,28.0
2026-01-08,97.0,41.0,68.0,58.0,85.0,107.0,81.0,294.0,30.0,94.1,1767826114000.0,1767856808000.0,71.0,UNBALANCED,71.0,,,22.0,95.0,8571.0,7.0,468.0,13.0,,42.0,480.0,450.0,DECREASED,,11.0,13.0,35.0,6.0,29.0
2026-01-09,100.0,35.0,50.0,65.0,91.0,59.0,121.0,378.0,6.0,98.9,1767912594000.0,1767946400000.0,83.0,UNBALANCED,83.0,,,22.0,97.0,6651.0,4.30151,207.0,13.0,,43.0,480.0,480.0,NO_CHANGE_NO_ADJUSTMENTS,,11.0,13.0,21.0,5.0,16.0
2026-01-10,71.0,16.0,38.0,58.0,56.0,52.0,16.0,231.0,21.0,93.4,1768002620000.0,1768021820000.0,72.0,BALANCED,72.0,,,27.0,92.0,6416.0,16.37664,1187.0,13.0,,46.0,480.0,450.0,DECREASED,,11.0,13.0,20.0,6.0,14.0
2026-01-11,85.0,26.0,75.0,59.0,85.0,95.0,99.0,349.0,16.0,97.1,1768086690000.0,1768120230000.0,69.0,BALANCED,69.0,,,27.0,94.0,2396.0,1.0,535.0,15.0,,45.0,480.0,520.0,INCREASED,,12.0,15.0,38.0,5.0,33.0
2026-01-12,94.0,44.0,68.0,52.0,86.0,56.0,109.0,371.0,15.0,97.3,1768173004000.0,1768206035000.0,69.0,BALANCED,69.0,,,22.0,99.0,7455.0,31.2582,181.0,13.0,,44.0,480.0,480.0,NO_CHANGE_NO_ADJUSTMENTS,,11.0,13.0,20.0,6.0,14.0
2026-01-13,100.0,30.0,63.0,70.0,88.0,51.0,102.0,322.0,11.0,97.7,1768259555000.0,1768288715000.0,76.0,BALANCED,76.0,,,25.0,96.0,14908.0,37.0,650.0,14.0,,42.0,480.0,460.0,DECREASED,,11.0,14.0,35.0,7.0,28.0
2026-01-14,100.0,41.0,60.0,61.0,96.0,105.0,107.0,291.0,2.0,99.6,1768344767000.0,1768375067000.0,80.0,BALANCED,80.0,,,21.0,80.0,7796.0,9.19718,443.0,14.0,,44.0,480.0,460.0,DECREASED,,11.0,14.0,36.0,7.0,29.0
2026-01-15,79.0,36.0,2.0,43.0,90.0,106.0,100.0,258.0,24.0,95.1,1768431830000.0,1768461077000.0,75.0,BALANCED,75.0,,,30.0,98.0,18533.0,49.44423,734.0,12.0,,43.0,480.0,450.0,DECREASED,,11.0,12.0,21.0,6.0,15.0
2026-01-16,95.0,30.0,57.0,65.0,86.0,63.0,124.0,349.0,27.0,95.2,1768520273000.0,1768554048000.0,65.0,BALANCED,65.0,,,26.0,99.0,7632.0,8.68373,485.0,14.0,,45.0,480.0,480.0,NO_CHANGE_NO_ADJUSTMENTS,,11.0,14.0,23.0,7.0,16.0
2026-01-17,81.0,23.0,54.0,61.0,81.0,76.0,88.0,270.0,6.0,98.6,1768610947000.0,1768637347000.0,67.0,BALANCED,67.0,,,28.0,84.0,13825.0,34.13123,653.0,15.0,,45.0,480.0,480.0,NO_CHANGE_BALANCED,,11.0,15.0,41.0,7.0,34.0
2026-01-18,68.0,21.0,53.0,52.0,69.0,28.0,48.0,282.0,5.0,98.6,1768697524000.0,1768719304000.0,66.0,BALANCED,66.0,,,26.0,84.0,6822.0,10.10171,575.0,13.0,,48.0,480.0,500.0,INCREASED,,11.0,13.0,19.0,5.0,14.0
2026-01-19,89.0,46.0,68.0,46.0,88.0,83.0,131.0,338.0,3.0,99.5,1768781193000.0,1768814473000.0,71.0,BALANCED,71.0,,,21.0,78.0,1205.0,1.1063,2.0,12.0,,46.0,480.0,530.0,HIGHLY_INCREASED,,12.0,12.0,21.0,6.0,15.0
2026-01-20,98.0,33.0,69.0,70.0,80.0,112.0,73.0,192.0,0.0,100.0,1768869913000.0,1768892530000.0,87.0,BALANCED,87.0,,,22.0,97.0,17182.0,30.50033,474.0,13.0,,40.0,480.0,480.0,NO_CHANGE_NO_ADJUSTMENTS,,11.0,13.0,35.0,5.0,30.0
2026-01-21,100.0,34.0,57.0,66.0,88.0,86.0,129.0,349.0,15.0,97.4,1768947118000.0,1768981816000.0,77.0,BALANCED,77.0,,,25.0,97.0,9542.0,28.17356,270.0,12.0,,45.0,480.0,480.0,NO_CHANGE_NO_ADJUSTMENTS,,11.0,12.0,19.0,5.0,14.0
2026-01-22,87.0,39.0,60.0,53.0,82.0,86.0,110.0,295.0,30.0,94.2,1769039236000.0,1769070466000.0,67.0,BALANCED,67.0,,,23.0,98.0,7978.0,11.02592,217.0,12.0,,46.0,480.0,460.0,DECREASED,,12.0,12.0,21.0,7.0,14.0
2026-01-23,100.0,25.0,57.0,76.0,88.0,67.0,79.0,399.0,6.0,98.9,1769122306000.0,1769155366000.0,81.0,BALANCED,81.0,,,28.0,95.0,2027.0,5.09219,739.0,16.0,,45.0,480.0,480.0,NO_CHANGE_NO_ADJUSTMENTS,,11.0,16.0,39.0,5.0,34.0
2026-01-24,81.0,17.0,57.0,65.0,87.0,82.0,101.0,299.0,11.0,97.8,1769216929000.0,1769246509000.0,59.0,BALANCED,59.0,,,34.0,99.0,18996.0,54.77133,972.0,16.0,,44.0,480.0,450.0,DECREASED,,11.0,16.0,42.0,5.0,37.0
2026-01-25,30.0,11.0,34.0,33.0,31.0,62.0,0.0,194.0,94.0,73.1,1769315393000.0,1769336393000.0,45.0,BALANCED,45.0,,,34.0,93.0,19607.0,40.24409,323.0,13.0,,47.0,480.0,480.0,NO_CHANGE_BALANCED,,13.0,13.0,22.0,6.0,16.0
2026-01-26,95.0,36.0,81.0,61.0,89.0,69.0,114.0,393.0,4.0,99.3,1769380468000.0,1769415239000.0,67.0,BALANCED,67.0,,,23.0,97.0,9619.0,36.40518,287.0,13.0,,46.0,480.0,540.0,HIGHLY_INCREASED,,12.0,13.0,20.0,5.0,15.0
2026-01-27,87.0,29.0,55.0,60.0,77.0,26.0,65.0,334.0,10.0,97.7,1769471699000.0,1769497761000.0,73.0,BALANCED,73.0,,,26.0,93.0,14979.0,46.21391,606.0,14.0,,45.0,480.0,480.0,NO_CHANGE_NO_ADJUSTMENTS,,11.0,14.0,39.0,4.0,35.0
2026-01-28,94.0,45.0,61.0,49.0,85.0,105.0,78.0,374.0,12.0,97.9,1769554380000.0,1769588520000.0,68.0,BALANCED,68.0,,,21.0,88.0,1466.0,5.41831,326.0,14.0,,46.0,480.0,480.0,NO_CHANGE_NO_ADJUSTMENTS,,12.0,14.0,38.0,7.0,31.0
2026-01-29,99.0,33.0,56.0,66.0,92.0,97.0,104.0,287.0,9.0,98.2,1769641539000.0,1769671359000.0,71.0,BALANCED,71.0,,,26.0,86.0,13036.0,15.0,675.0,15.0,,46.0,480.0,460.0,DECREASED,,11.0,15.0,42.0,5.0,37.0
2026-01-30,92.0,26.0,64.0,73.0,93.0,88.0,104.0,259.0,0.0,100.0,1769730160000.0,1769758209000.0,74.0,BALANCED,74.0,,,28.0,90.0,17484.0,28.08629,587.0,14.0,,45.0,480.0,450.0,DECREASED,,11.0,14.0,38.0,6.0,32.0
2026-01-31,72.0,20.0,53.0,59.0,69.0,65.0,51.0,261.0,56.0,87.1,1769831867000.0,1769857847000.0,56.0,BALANCED,56.0,,,28.0,95.0,16695.0,40.05545,789.0,16.0,,46.0,480.0,480.0,NO_CHANGE_NO_ADJUSTMENTS,,12.0,16.0,40.0,7.0,33.0
2026-02-01,73.0,27.0,59.0,46.0,74.0,86.0,66.0,212.0,1.0,99.7,1769905170000.0,1769927041000.0,62.0,BALANCED,62.0,,,23.0,81.0,8909.0,16.11352,335.0,13.0,,46.0,480.0,530.0,HIGHLY_INCREASED,,12.0,13.0,21.0,5.0,16.0
2026-02-02,94.0,34.0,65.0,64.0,84.0,47.0,102.0,408.0,5.0,99.1,1769986443000.0,1770020132000.0,67.0,BALANCED,67.0,,,25.0,90.0,10574.0,34.58136,254.0,13.0,,47.0,480.0,480.0,NO_CHANGE_BALANCED,,12.0,13.0,23.0,6.0,17.0
2026-02-03,93.0,31.0,64.0,63.0,86.0,81.0,93.0,303.0,18.0,96.4,1770076412000.0,1770107372000.0,70.0,BALANCED,70.0,,,28.0,92.0,15472.0,30.18898,523.0,14.0,,44.0,480.0,480.0,NO_CHANGE_NO_ADJUSTMENTS,,12.0,14.0,38.0,6.0,32.0
2026-02-04,88.0,39.0,58.0,50.0,84.0,81.0,109.0,247.0,5.0,98.9,1770161880000.0,1770188400000.0,69.0,BALANCED,69.0,,,22.0,94.0,8039.0,9.0,463.0,14.0,,45.0,480.0,480.0,NO_CHANGE_NO_ADJUSTMENTS,,12.0,14.0,39.0,6.0,33.0
2026-02-05,100.0,37.0,63.0,66.0,94.0,111.0,141.0,260.0,6.0,98.8,1770246912000.0,1770277992000.0,62.0,BALANCED,62.0,,,21.0,97.0,9961.0,39.09252,687.0,15.0,,44.0,480.0,480.0,NO_CHANGE_NO_ADJUSTMENTS,,12.0,15.0,35.0,6.0,29.0
2026-02-06,95.0,40.0,57.0,55.0,92.0,100.0,132.0,283.0,5.0,99.0,1770334126000.0,1770365326000.0,59.0,BALANCED,59.0,,,20.0,79.0,12701.0,33.0,511.0,14.0,,44.0,480.0,460.0,DECREASED,,12.0,14.0,20.0,7.0,13.0
2026-02-07,88.0,28.0,53.0,67.0,77.0,67.0,58.0,257.0,15.0,96.2,1770421585000.0,1770446605000.0,57.0,BALANCED,57.0,,,24.0,90.0,5395.0,8.67684,527.0,12.0,,43.0,480.0,450.0,DECREASED,,12.0,12.0,17.0,4.0,13.0
2026-02-08,50.0,19.0,48.0,43.0,44.0,25.0,0.0,214.0,13.0,94.8,1770526802000.0,1770541907000.0,57.0,BALANCED,57.0,,,25.0,80.0,8392.0,30.0,100.0,13.0,,43.0,480.0,440.0,DECREASED,,12.0,13.0,23.0,7.0,16.0
2026-02-09,100.0,34.0,71.0,66.0,93.0,80.0,118.0,347.0,0.0,100.0,1770590927000.0,1770623627000.0,69.0,BALANCED,69.0,,,22.0,96.0,9541.0,22.31037,218.0,13.0,,44.0,480.0,540.0,HIGHLY_INCREASED,,11.0,13.0,22.0,6.0,16.0
2026-02-10,92.0,29.0,63.0,69.0,69.0,47.0,22.0,334.0,14.0,96.6,1770682877000.0,1770707897000.0,76.0,BALANCED,76.0,,,27.0,98.0,15645.0,31.21457,693.0,14.0,,46.0,480.0,480.0,NO_CHANGE_NO_ADJUSTMENTS,,11.0,14.0,41.0,4.0,37.0
2026-02-11,91.0,35.0,71.0,63.0,69.0,107.0,90.0,266.0,65.0,87.7,1770763284000.0,1770795589000.0,70.0,BALANCED,70.0,,,24.0,92.0,6916.0,26.3353,532.0,15.0,,43.0,480.0,500.0,INCREASED,,11.0,15.0,38.0,4.0,34.0
2026-02-12,92.0,28.0,57.0,65.0,89.0,94.0,97.0,322.0,6.0,98.8,1770849529000.0,1770880652000.0,67.0,BALANCED,67.0,,,26.0,96.0,8326.0,13.0,574.0,15.0,,47.0,480.0,420.0,DECREASED,,12.0,15.0,37.0,6.0,31.0
2026-02-13,81.0,24.0,48.0,57.0,88.0,77.0,94.0,275.0,5.0,98.9,1770938461000.0,1770967261000.0,56.0,BALANCED,56.0,,,28.0,97.0,12545.0,38.08727,529.0,12.0,,46.0,480.0,450.0,DECREASED,,11.0,12.0,20.0,8.0,12.0
2026-02-14,77.0,15.0,59.0,65.0,72.0,82.0,31.0,327.0,13.0,97.1,1771035107000.0,1771062287000.0,67.0,BALANCED,67.0,,,32.0,99.0,17813.0,50.43766,1265.0,16.0,,46.0,480.0,480.0,NO_CHANGE_NO_ADJUSTMENTS,,11.0,16.0,36.0,6.0,30.0
2026-02-15,55.0,18.0,45.0,39.0,69.0,42.0,56.0,259.0,14.0,96.2,1771109886000.0,1771132102000.0,63.0,BALANCED,63.0,,,27.0,93.0,6490.0,21.0,645.0,13.0,,47.0,480.0,480.0,NO_CHANGE_NO_ADJUSTMENTS,,11.0,13.0,21.0,5.0,16.0
2026-02-16,85.0,41.0,65.0,45.0,82.0,70.0,81.0,394.0,24.0,95.8,1771196984000.0,1771231090000.0,68.0,BALANCED,68.0,,,23.0,88.0,1007.0,10.4206,20.0,13.0,,47.0,480.0,510.0,INCREASED,,11.0,13.0,20.0,6.0,14.0
2026-02-17,96.0,48.0,59.0,50.0,85.0,95.0,79.0,329.0,25.0,95.3,1771284310000.0,1771315969000.0,68.0,BALANCED,68.0,,,20.0,99.0,3885.0,6.2792,71.0,12.0,,44.0,480.0,480.0,NO_CHANGE_NO_ADJUSTMENTS,,11.0,12.0,21.0,3.0,18.0
2026-02-18,100.0,50.0,57.0,55.0,90.0,83.0,109.0,345.0,13.0,97.6,1771370089000.0,1771403089000.0,71.0,BALANCED,71.0,,,19.0,87.0,7675.0,6.17618,147.0,13.0,,43.0,480.0,460.0,DECREASED,,11.0,13.0,19.0,6.0,13.0
2026-02-19,98.0,36.0,45.0,64.0,85.0,91.0,92.0,314.0,23.0,95.6,1771454223000.0,1771485384000.0,63.0,BALANCED,63.0,,,24.0,99.0,8298.0,9.09022,548.0,13.0,,44.0,480.0,450.0,DECREASED,,11.0,13.0,19.0,7.0,12.0
2026-02-20,93.0,19.0,60.0,77.0,76.0,83.0,49.0,226.0,2.0,99.4,1771546223000.0,1771567823000.0,72.0,BALANCED,72.0,,,27.0,87.0,4046.0,15.29528,808.0,13.0,,44.0,480.0,450.0,DECREASED,,11.0,13.0,22.0,7.0,15.0
2026-02-21,66.0,16.0,52.0,51.0,78.0,87.0,83.0,267.0,37.0,92.2,1771631522000.0,1771659962000.0,56.0,BALANCED,56.0,,,31.0,87.0,6039.0,7.51017,694.0,16.0,,46.0,480.0,500.0,INCREASED,,12.0,16.0,46.0,5.0,41.0
2026-02-22,85.0,28.0,77.0,67.0,85.0,45.0,117.0,354.0,14.0,97.4,1771717901000.0,1771749701000.0,62.0,BALANCED,62.0,,,26.0,95.0,18272.0,62.41896,850.0,15.0,,48.0,480.0,510.0,INCREASED,,12.0,15.0,40.0,5.0,35.0
2026-02-23,84.0,39.0,58.0,45.0,84.0,53.0,91.0,367.0,6.0,98.8,1771803157000.0,1771834177000.0,59.0,BALANCED,59.0,,,24.0,88.0,8502.0,26.17651,187.0,13.0,,46.0,480.0,480.0,NO_CHANGE_NO_ADJUSTMENTS,,12.0,13.0,21.0,6.0,15.0
2026-02-24,100.0,41.0,61.0,59.0,92.0,68.0,115.0,280.0,0.0,100.0,1771889579000.0,1771917359000.0,69.0,BALANCED,69.0,,,19.0,99.0,9401.0,12.0,555.0,14.0,,44.0,480.0,460.0,DECREASED,,12.0,14.0,39.0,5.0,34.0
2026-02-25,97.0,38.0,50.0,59.0,84.0,71.0,59.0,368.0,8.0,98.4,1771973839000.0,1772004199000.0,63.0,BALANCED,63.0,,,22.0,93.0,7873.0,12.0,180.0,12.0,,45.0,480.0,460.0,DECREASED,,12.0,12.0,20.0,7.0,13.0
2026-02-26,98.0,25.0,63.0,74.0,87.0,106.0,55.0,275.0,6.0,98.6,1772063487000.0,1772090007000.0,76.0,BALANCED,76.0,,,24.0,96.0,14841.0,46.0,1066.0,16.0,,45.0,480.0,460.0,DECREASED,,11.0,16.0,43.0,5.0,38.0
2026-02-27,90.0,38.0,65.0,54.0,85.0,109.0,86.0,355.0,32.0,94.5,1772148413000.0,1772183333000.0,58.0,UNBALANCED,58.0,,,20.0,89.0,9514.0,18.0,478.0,14.0,,45.0,480.0,480.0,NO_CHANGE_NO_ADJUSTMENTS,,12.0,14.0,38.0,5.0,33.0
2026-02-28,94.0,39.0,62.0,57.0,88.0,79.0,103.0,326.0,7.0,98.6,1772236760000.0,1772267649000.0,60.0,BALANCED,60.0,,,22.0,100.0,2854.0,7.43537,448.0,14.0,,47.0,480.0,480.0,NO_CHANGE_BALANCED,,12.0,14.0,32.0,5.0,27.0
2026-03-01,100.0,45.0,61.0,56.0,88.0,56.0,81.0,360.0,1.0,99.8,1772321929000.0,1772351809000.0,67.0,BALANCED,67.0,,,19.0,99.0,10159.0,6.43766,220.0,13.0,,46.0,480.0,450.0,DECREASED,,11.0,13.0,23.0,5.0,18.0
2026-03-02,100.0,48.0,56.0,54.0,84.0,43.0,126.0,335.0,27.0,94.9,1772406528000.0,1772438388000.0,70.0,BALANCED,70.0,,,18.0,99.0,8454.0,19.00984,235.0,12.0,,44.0,480.0,450.0,DECREASED,,12.0,12.0,21.0,7.0,14.0
2026-03-03,100.0,43.0,55.0,62.0,83.0,45.0,94.0,344.0,28.0,94.5,1772492890000.0,1772523548000.0,65.0,BALANCED,65.0,,,21.0,99.0,1641.0,6.35892,389.0,13.0,,43.0,480.0,460.0,DECREASED,,12.0,13.0,40.0,6.0,34.0
2026-03-04,96.0,23.0,58.0,75.0,84.0,73.0,68.0,277.0,9.0,97.9,1772584960000.0,1772610580000.0,71.0,BALANCED,71.0,,,26.0,96.0,19688.0,46.23491,716.0,13.0,,44.0,480.0,480.0,NO_CHANGE_NO_ADJUSTMENTS,,11.0,13.0,36.0,6.0,30.0
2026-03-05,88.0,26.0,68.0,64.0,80.0,85.0,79.0,270.0,27.0,94.1,1772669071000.0,1772696731000.0,68.0,BALANCED,68.0,,,29.0,98.0,10147.0,11.17388,434.0,13.0,,42.0,480.0,480.0,NO_CHANGE_NO_ADJUSTMENTS,,11.0,13.0,32.0,7.0,25.0
2026-03-06,91.0,35.0,64.0,56.0,85.0,72.0,99.0,312.0,15.0,97.0,1772755306000.0,1772785186000.0,66.0,BALANCED,66.0,,,21.0,85.0,7768.0,17.42979,348.0,14.0,,44.0,480.0,480.0,NO_CHANGE_NO_ADJUSTMENTS,,12.0,14.0,20.0,6.0,14.0
2026-03-07,93.0,22.0,59.0,75.0,78.0,92.0,68.0,306.0,45.0,91.2,1772843008000.0,1772873668000.0,61.0,BALANCED,61.0,,,31.0,97.0,10007.0,24.32874,782.0,16.0,,45.0,480.0,480.0,NO_CHANGE_NO_ADJUSTMENTS,,12.0,16.0,43.0,7.0,36.0
2026-03-08,74.0,52.0,61.0,26.0,74.0,43.0,56.0,322.0,21.0,95.2,1772940716000.0,1772967236000.0,56.0,BALANCED,56.0,,,19.0,89.0,7302.0,11.43537,131.0,12.0,,48.0,480.0,480.0,NO_CHANGE_NO_ADJUSTMENTS,,13.0,12.0,21.0,5.0,16.0
2026-03-09,100.0,49.0,49.0,53.0,87.0,59.0,121.0,362.0,22.0,96.1,1773011731000.0,1773045571000.0,66.0,BALANCED,66.0,,,18.0,96.0,13892.0,32.47572,222.0,12.0,,43.0,480.0,510.0,INCREASED,,11.0,12.0,21.0,5.0,16.0
2026-03-10,100.0,52.0,51.0,50.0,86.0,64.0,113.0,406.0,31.0,95.0,1773096408000.0,1773133248000.0,71.0,BALANCED,71.0,,,18.0,98.0,8018.0,7.42782,187.0,13.0,,43.0,480.0,450.0,DECREASED,,11.0,13.0,20.0,6.0,14.0
2026-03-11,100.0,44.0,56.0,61.0,89.0,76.0,83.0,361.0,19.0,96.5,1773184742000.0,1773217054000.0,83.0,BALANCED,83.0,,,20.0,91.0,13583.0,48.33563,468.0,13.0,,43.0,480.0,440.0,DECREASED,,11.0,13.0,33.0,7.0,26.0
2026-03-12,100.0,39.0,51.0,61.0,93.0,68.0,115.0,310.0,2.0,99.6,1773274026000.0,1773303726000.0,74.0,BALANCED,74.0,,,19.0,91.0,7979.0,3.57382,190.0,12.0,,41.0,480.0,440.0,DECREASED,,11.0,12.0,19.0,6.0,13.0
2026-03-13,99.0,36.0,63.0,66.0,91.0,83.0,93.0,235.0,13.0,96.9,1773363561000.0,1773388998000.0,82.0,BALANCED,82.0,,,20.0,95.0,2612.0,7.14895,298.0,13.0,,42.0,480.0,450.0,DECREASED,,11.0,13.0,35.0,6.0,29.0
2026-03-14,75.0,15.0,40.0,61.0,68.0,73.0,46.0,185.0,3.0,99.0,1773447437000.0,1773465857000.0,68.0,BALANCED,68.0,,,28.0,90.0,5976.0,6.15945,660.0,13.0,,46.0,480.0,480.0,NO_CHANGE_NO_ADJUSTMENTS,,11.0,13.0,22.0,5.0,17.0
2026-03-15,86.0,42.0,72.0,45.0,76.0,142.0,71.0,370.0,53.0,91.7,1773534136000.0,1773572278000.0,56.0,BALANCED,56.0,,,21.0,86.0,10831.0,21.65814,486.0,14.0,,46.0,480.0,520.0,INCREASED,,12.0,14.0,41.0,5.0,36.0
2026-03-16,96.0,40.0,63.0,65.0,86.0,63.0,97.0,290.0,14.0,97.0,1773628171000.0,1773655979000.0,63.0,BALANCED,63.0,,,25.0,99.0,7301.0,20.17815,318.0,13.0,,43.0,480.0,480.0,NO_CHANGE_NO_ADJUSTMENTS,,11.0,13.0,21.0,6.0,15.0
2026-03-17,97.0,33.0,61.0,65.0,84.0,81.0,76.0,295.0,5.0,98.9,1773709019000.0,1773736387000.0,60.0,BALANCED,60.0,,,25.0,99.0,16141.0,39.0,689.0,14.0,,45.0,480.0,480.0,NO_CHANGE_NO_ADJUSTMENTS,,12.0,14.0,39.0,6.0,33.0
2026-03-18,87.0,33.0,57.0,54.0,85.0,71.0,111.0,265.0,11.0,97.6,1773792044000.0,1773819510000.0,60.0,BALANCED,60.0,,,24.0,99.0,8044.0,1.79856,550.0,14.0,,46.0,480.0,480.0,NO_CHANGE_NO_ADJUSTMENTS,,12.0,14.0,45.0,6.0,39.0
2026-03-19,95.0,32.0,64.0,67.0,88.0,51.0,121.0,312.0,4.0,99.2,1773879399000.0,1773908679000.0,67.0,BALANCED,67.0,,,23.0,94.0,10907.0,26.01903,659.0,15.0,,48.0,480.0,480.0,NO_CHANGE_NO_ADJUSTMENTS,,11.0,15.0,39.0,4.0,35.0
2026-03-20,95.0,35.0,62.0,63.0,87.0,68.0,97.0,278.0,4.0,99.1,1773966990000.0,1773993810000.0,69.0,UNBALANCED,69.0,,,23.0,89.0,9561.0,10.20505,261.0,13.0,,46.0,480.0,480.0,NO_CHANGE_NO_ADJUSTMENTS,,11.0,13.0,22.0,5.0,17.0
2026-03-21,100.0,25.0,69.0,79.0,90.0,62.0,110.0,375.0,10.0,98.2,1774052333000.0,1774085753000.0,81.0,BALANCED,81.0,,,26.0,99.0,20894.0,43.78773,1061.0,17.0,,43.0,480.0,480.0,NO_CHANGE_NO_ADJUSTMENTS,,11.0,17.0,41.0,4.0,37.0
2026-03-22,56.0,32.0,55.0,37.0,62.0,83.0,19.0,248.0,12.0,96.7,1774154088000.0,1774175808000.0,58.0,BALANCED,58.0,,,25.0,99.0,19602.0,20.44455,410.0,13.0,,49.0,480.0,420.0,DECREASED,,13.0,13.0,20.0,6.0,14.0
2026-03-23,100.0,36.0,62.0,67.0,89.0,55.0,109.0,324.0,29.0,94.4,1774221774000.0,1774252794000.0,73.0,BALANCED,73.0,,,18.0,98.0,9158.0,12.56398,387.0,13.0,,43.0,480.0,480.0,NO_CHANGE_NO_ADJUSTMENTS,,11.0,13.0,30.0,4.0,26.0
2026-03-24,100.0,40.0,66.0,62.0,92.0,73.0,105.0,279.0,0.0,100.0,1774312074000.0,1774339477000.0,79.0,BALANCED,79.0,,,20.0,92.0,14379.0,36.69094,612.0,14.0,,44.0,480.0,460.0,DECREASED,,12.0,14.0,39.0,7.0,32.0
2026-03-25,100.0,47.0,65.0,57.0,87.0,119.0,129.0,255.0,29.0,94.5,1774398159000.0,1774430069000.0,63.0,BALANCED,63.0,,,20.0,87.0,3550.0,10.5607,334.0,13.0,,42.0,480.0,480.0,NO_CHANGE_NO_ADJUSTMENTS,,11.0,13.0,32.0,6.0,26.0
2026-03-26,100.0,37.0,56.0,66.0,89.0,85.0,67.0,364.0,9.0,98.3,1774481661000.0,1774513125000.0,80.0,BALANCED,80.0,,,25.0,98.0,14576.0,39.0,660.0,14.0,,43.0,480.0,480.0,NO_CHANGE_NO_ADJUSTMENTS,,11.0,14.0,38.0,6.0,32.0
2026-03-27,97.0,46.0,60.0,54.0,82.0,125.0,119.0,281.0,49.0,91.5,1774566225000.0,1774600665000.0,63.0,BALANCED,63.0,,,20.0,83.0,7719.0,12.07251,212.0,13.0,,42.0,480.0,450.0,DECREASED,,11.0,13.0,20.0,6.0,14.0
2026-03-28,85.0,16.0,39.0,69.0,70.0,58.0,46.0,210.0,1.0,99.7,1774656700000.0,1774675597000.0,71.0,BALANCED,71.0,,,28.0,92.0,5552.0,18.0,1059.0,14.0,,47.0,480.0,450.0,DECREASED,,11.0,14.0,22.0,4.0,18.0
2026-03-29,90.0,27.0,75.0,64.0,83.0,65.0,114.0,321.0,21.0,96.0,1774743782000.0,1774775042000.0,66.0,BALANCED,66.0,,,22.0,96.0,21802.0,51.42356,1129.0,18.0,,46.0,480.0,510.0,INCREASED,,11.0,18.0,39.0,6.0,33.0
2026-03-30,88.0,48.0,68.0,43.0,86.0,109.0,109.0,287.0,25.0,95.3,1774827314000.0,1774859114000.0,58.0,BALANCED,58.0,,,20.0,96.0,7958.0,8.0,337.0,13.0,,44.0,480.0,480.0,NO_CHANGE_NO_ADJUSTMENTS,,12.0,13.0,31.0,4.0,27.0
2026-03-31,100.0,48.0,50.0,52.0,92.0,140.0,92.0,325.0,11.0,98.1,1774913635000.0,1774947668000.0,70.0,BALANCED,70.0,,,18.0,99.0,8400.0,7.6998,225.0,13.0,,41.0,480.0,480.0,NO_CHANGE_NO_ADJUSTMENTS,,11.0,13.0,20.0,5.0,15.0
2026-04-01,99.0,29.0,51.0,72.0,79.0,59.0,115.0,208.0,9.0,97.7,1775005448000.0,1775028908000.0,77.0,BALANCED,77.0,,,23.0,99.0,8496.0,16.48031,573.0,14.0,,43.0,480.0,450.0,DECREASED,,11.0,14.0,44.0,4.0,40.0
2026-04-02,91.0,30.0,67.0,66.0,91.0,112.0,88.0,262.0,2.0,99.6,1775088030000.0,1775115853000.0,69.0,BALANCED,69.0,,,27.0,99.0,18912.0,39.72113,854.0,14.0,,43.0,480.0,480.0,NO_CHANGE_NO_ADJUSTMENTS,,11.0,14.0,43.0,5.0,38.0
2026-04-03,98.0,27.0,68.0,71.0,94.0,79.0,134.0,278.0,5.0,99.0,1775178387000.0,1775208117000.0,66.0,BALANCED,66.0,,,26.0,95.0,11495.0,23.32185,506.0,14.0,,43.0,480.0,480.0,NO_CHANGE_NO_ADJUSTMENTS,,12.0,14.0,40.0,5.0,35.0
2026-04-04,38.0,5.0,27.0,49.0,33.0,57.0,5.0,168.0,38.0,85.8,1775275720000.0,1775291800000.0,38.0,UNBALANCED,38.0,,,42.0,93.0,15472.0,3.3458,351.0,14.0,,47.0,480.0,480.0,NO_CHANGE_NO_ADJUSTMENTS,,13.0,14.0,22.0,6.0,16.0
2026-04-05,26.0,12.0,25.0,18.0,42.0,61.0,11.0,170.0,3.0,98.8,1775366798000.0,1775381498000.0,50.0,UNBALANCED,50.0,,,28.0,99.0,16200.0,31.42881,506.0,14.0,,48.0,480.0,420.0,DECREASED,,13.0,14.0,22.0,6.0,16.0
2026-04-06,92.0,27.0,82.0,67.0,82.0,40.0,66.0,331.0,4.0,99.1,1775442290000.0,1775468750000.0,67.0,UNBALANCED,67.0,,,21.0,92.0,5039.0,3.78707,421.0,14.0,,46.0,480.0,530.0,HIGHLY_INCREASED,,12.0,14.0,40.0,6.0,34.0
2026-04-07,91.0,25.0,69.0,67.0,81.0,76.0,73.0,253.0,6.0,98.5,1775523928000.0,1775548366000.0,68.0,UNBALANCED,68.0,,,27.0,96.0,16399.0,33.5374,645.0,14.0,,42.0,480.0,510.0,INCREASED,,11.0,14.0,39.0,4.0,35.0
2026-04-08,100.0,37.0,71.0,63.0,95.0,127.0,158.0,230.0,8.0,98.5,1775604733000.0,1775636113000.0,74.0,UNBALANCED,74.0,,,21.0,92.0,14368.0,35.27854,671.0,14.0,,42.0,480.0,480.0,NO_CHANGE_NO_ADJUSTMENTS,,11.0,14.0,38.0,4.0,34.0
2026-04-09,93.0,30.0,59.0,66.0,80.0,58.0,107.0,248.0,5.0,98.8,1775695096000.0,1775720157000.0,73.0,UNBALANCED,73.0,,,24.0,87.0,7721.0,5.10925,493.0,13.0,,45.0,480.0,480.0,NO_CHANGE_BALANCED,,11.0,13.0,21.0,6.0,15.0
2026-04-10,86.0,21.0,58.0,66.0,84.0,78.0,92.0,272.0,1.0,99.8,1775780319000.0,1775806899000.0,65.0,UNBALANCED,65.0,,,29.0,99.0,4459.0,6.46293,694.0,14.0,,46.0,480.0,480.0,NO_CHANGE_NO_ADJUSTMENTS,,11.0,14.0,25.0,7.0,18.0
2026-04-11,82.0,17.0,65.0,69.0,84.0,51.0,87.0,326.0,11.0,97.7,1775868942000.0,1775897413000.0,72.0,BALANCED,72.0,,,35.0,99.0,4265.0,17.59843,765.0,14.0,,49.0,480.0,480.0,NO_CHANGE_NO_ADJUSTMENTS,,11.0,14.0,22.0,6.0,16.0
2026-04-12,71.0,33.0,64.0,46.0,74.0,47.0,47.0,318.0,29.0,93.4,1775957790000.0,1775984240000.0,69.0,BALANCED,69.0,,,24.0,89.0,12772.0,40.59055,618.0,15.0,,49.0,480.0,480.0,NO_CHANGE_NO_ADJUSTMENTS,,12.0,15.0,43.0,6.0,37.0
2026-04-13,91.0,45.0,58.0,48.0,72.0,17.0,67.0,382.0,9.0,98.1,1776041380000.0,1776069842000.0,58.0,BALANCED,58.0,,,19.0,76.0,5668.0,7.11188,115.0,12.0,,45.0,480.0,480.0,NO_CHANGE_BALANCED,,12.0,12.0,21.0,6.0,15.0
2026-04-14,100.0,22.0,58.0,81.0,91.0,86.0,77.0,319.0,14.0,97.2,1776125702000.0,1776155462000.0,79.0,BALANCED,79.0,,,25.0,93.0,16706.0,44.6857,666.0,14.0,,43.0,480.0,480.0,NO_CHANGE_NO_ADJUSTMENTS,,11.0,14.0,36.0,5.0,31.0
2026-04-15,88.0,34.0,67.0,55.0,89.0,98.0,115.0,261.0,15.0,96.9,1776216578000.0,1776247238000.0,66.0,BALANCED,66.0,,,23.0,100.0,2231.0,5.0,286.0,14.0,,45.0,480.0,480.0,NO_CHANGE_NO_ADJUSTMENTS,,11.0,14.0,33.0,6.0,27.0
2026-04-16,99.0,32.0,67.0,69.0,86.0,54.0,87.0,339.0,10.0,98.0,1776298487000.0,1776327887000.0,74.0,BALANCED,74.0,,,24.0,96.0,15765.0,33.14829,716.0,14.0,,45.0,480.0,480.0,NO_CHANGE_NO_ADJUSTMENTS,,11.0,14.0,37.0,5.0,32.0
2026-04-17,99.0,43.0,70.0,59.0,89.0,61.0,102.0,341.0,7.0,98.6,1776386648000.0,1776417308000.0,77.0,BALANCED,77.0,,,22.0,93.0,7333.0,6.08202,159.0,13.0,,45.0,480.0,460.0,DECREASED,,11.0,13.0,21.0,4.0,17.0
2026-04-18,98.0,24.0,64.0,82.0,91.0,88.0,112.0,231.0,7.0,98.4,1776475054000.0,1776501332000.0,76.0,BALANCED,76.0,,,24.0,96.0,18766.0,42.65125,1111.0,17.0,,42.0,480.0,460.0,DECREASED,,12.0,17.0,42.0,5.0,37.0
2026-04-19,82.0,39.0,60.0,45.0,88.0,89.0,125.0,247.0,12.0,97.5,1776557324000.0,1776585684000.0,60.0,BALANCED,60.0,,,24.0,83.0,3421.0,7.65846,38.0,13.0,,46.0,480.0,480.0,NO_CHANGE_NO_ADJUSTMENTS,,12.0,13.0,20.0,6.0,14.0
2026-04-20,100.0,37.0,63.0,63.0,81.0,50.0,42.0,389.0,4.0,99.2,1776645744000.0,1776674844000.0,72.0,BALANCED,72.0,,,23.0,94.0,9817.0,21.25623,217.0,13.0,,45.0,480.0,480.0,NO_CHANGE_NO_ADJUSTMENTS,,11.0,13.0,20.0,4.0,16.0
2026-04-21,91.0,29.0,60.0,70.0,82.0,47.0,100.0,287.0,7.0,98.4,1776732569000.0,1776759029000.0,67.0,BALANCED,67.0,,,25.0,93.0,15699.0,30.72474,690.0,14.0,,44.0,480.0,480.0,NO_CHANGE_NO_ADJUSTMENTS,,11.0,14.0,39.0,4.0,35.0
2026-04-22,87.0,42.0,59.0,46.0,69.0,97.0,128.0,270.0,62.0,88.9,1776815677000.0,1776849097000.0,56.0,BALANCED,56.0,,,21.0,96.0,7543.0,9.0,533.0,14.0,,45.0,480.0,480.0,NO_CHANGE_NO_ADJUSTMENTS,,12.0,14.0,35.0,5.0,30.0
2026-04-23,100.0,37.0,62.0,65.0,86.0,87.0,87.0,354.0,21.0,96.2,1776900987000.0,1776933897000.0,63.0,BALANCED,63.0,,,20.0,91.0,17256.0,38.0,713.0,14.0,,42.0,480.0,480.0,NO_CHANGE_NO_ADJUSTMENTS,,12.0,14.0,38.0,5.0,33.0
2026-04-24,97.0,29.0,59.0,69.0,89.0,129.0,104.0,308.0,14.0,97.5,1776986414000.0,1777021013000.0,56.0,BALANCED,56.0,,,26.0,96.0,11831.0,17.48392,391.0,13.0,,43.0,480.0,460.0,DECREASED,,12.0,13.0,25.0,4.0,21.0
2026-04-25,50.0,9.0,38.0,58.0,50.0,35.0,16.0,195.0,8.0,96.9,1777095237000.0,1777110477000.0,64.0,UNBALANCED,64.0,,,34.0,99.0,22152.0,24.0,1682.0,18.0,,48.0,480.0,450.0,DECREASED,,12.0,18.0,39.0,4.0,35.0
2026-04-26,80.0,39.0,79.0,47.0,80.0,89.0,94.0,354.0,35.0,93.9,1777160725000.0,1777195018000.0,52.0,UNBALANCED,52.0,,,21.0,89.0,14493.0,42.63911,908.0,15.0,,46.0,480.0,540.0,HIGHLY_INCREASED,,12.0,15.0,41.0,6.0,35.0
2026-04-27,93.0,40.0,52.0,55.0,82.0,46.0,71.0,327.0,12.0,97.4,1777249134000.0,1777276494000.0,55.0,UNBALANCED,55.0,,,19.0,90.0,7416.0,10.53642,171.0,12.0,,44.0,480.0,480.0,NO_CHANGE_NO_ADJUSTMENTS,,12.0,12.0,19.0,6.0,13.0
2026-04-28,100.0,48.0,67.0,52.0,96.0,167.0,123.0,184.0,6.0,98.8,1777336639000.0,1777365439000.0,57.0,LOW,57.0,,,18.0,86.0,6414.0,7.2418,34.0,12.0,,44.0,480.0,500.0,INCREASED,,11.0,12.0,18.0,4.0,14.0
2026-04-29,100.0,38.0,48.0,62.0,85.0,78.0,99.0,370.0,20.0,96.5,1777418671000.0,1777452684000.0,60.0,LOW,60.0,,,24.0,96.0,8520.0,3.34022,189.0,13.0,,43.0,480.0,500.0,INCREASED,,12.0,13.0,20.0,6.0,14.0
2026-04-30,86.0,25.0,52.0,64.0,72.0,48.0,52.0,329.0,35.0,92.5,1777508245000.0,1777536082000.0,68.0,UNBALANCED,68.0,,,26.0,98.0,16252.0,30.51181,669.0,14.0,,47.0,480.0,480.0,NO_CHANGE_BALANCED,,11.0,14.0,43.0,4.0,39.0
2026-05-01,97.0,30.0,69.0,68.0,88.0,60.0,111.0,353.0,11.0,97.9,1777592834000.0,1777624903000.0,67.0,UNBALANCED,67.0,,,24.0,99.0,23233.0,38.0,734.0,14.0,,44.0,480.0,500.0,INCREASED,,12.0,14.0,39.0,4.0,35.0
2026-05-02,87.0,29.0,60.0,61.0,81.0,53.0,74.0,335.0,15.0,96.9,1777682367000.0,1777710987000.0,70.0,UNBALANCED,70.0,,,25.0,91.0,12364.0,24.38911,373.0,14.0,,47.0,480.0,480.0,NO_CHANGE_BALANCED,,12.0,14.0,38.0,6.0,32.0
2026-05-03,76.0,5.0,50.0,74.0,70.0,53.0,64.0,226.0,5.0,98.6,1777766311000.0,1777787191000.0,62.0,BALANCED,62.0,,,38.0,99.0,32182.0,108.4708,1973.0,18.0,,47.0,480.0,480.0,NO_CHANGE_NO_ADJUSTMENTS,,12.0,18.0,44.0,6.0,38.0
2026-05-04,76.0,32.0,72.0,46.0,89.0,97.0,174.0,229.0,2.0,99.6,1777852479000.0,1777882599000.0,57.0,BALANCED,57.0,,,26.0,97.0,4496.0,6.46916,108.0,13.0,,46.0,480.0,540.0,HIGHLY_INCREASED,,12.0,13.0,21.0,6.0,15.0
2026-05-05,96.0,48.0,66.0,50.0,85.0,71.0,73.0,304.0,10.0,97.8,1777941470000.0,1777968924000.0,69.0,BALANCED,69.0,,,19.0,84.0,4108.0,4.17946,85.0,12.0,,47.0,480.0,480.0,NO_CHANGE_NO_ADJUSTMENTS,,13.0,12.0,22.0,4.0,18.0
2026-05-06,92.0,30.0,51.0,67.0,78.0,55.0,61.0,313.0,13.0,97.1,1778026344000.0,1778052864000.0,65.0,BALANCED,65.0,,,29.0,99.0,7437.0,13.70571,214.0,13.0,,49.0,480.0,480.0,NO_CHANGE_NO_ADJUSTMENTS,,12.0,13.0,22.0,6.0,16.0
2026-05-07,93.0,17.0,63.0,78.0,81.0,60.0,115.0,351.0,49.0,91.5,1778109628000.0,1778144104000.0,72.0,BALANCED,72.0,,,32.0,95.0,10222.0,21.18537,361.0,14.0,,45.0,480.0,480.0,NO_CHANGE_NO_ADJUSTMENTS,,12.0,14.0,27.0,7.0,20.0
2026-05-08,79.0,30.0,66.0,53.0,73.0,53.0,60.0,323.0,69.0,86.3,1778205445000.0,1778235725000.0,67.0,BALANCED,67.0,,,27.0,99.0,16370.0,12.04757,336.0,13.0,,48.0,480.0,480.0,NO_CHANGE_NO_ADJUSTMENTS,,13.0,13.0,23.0,7.0,16.0
2026-05-09,92.0,22.0,67.0,75.0,84.0,63.0,83.0,389.0,12.0,97.8,1778291345000.0,1778324165000.0,68.0,BALANCED,68.0,,,35.0,99.0,9598.0,3.60892,720.0,16.0,,48.0,480.0,500.0,INCREASED,,12.0,16.0,40.0,8.0,32.0
2026-05-10,68.0,30.0,7.0,52.0,,0.0,0.0,0.0,0.0,,,,,,,,,34.0,94.0,3798.0,0.0,50.0,14.0,,,480.0,480.0,NO_CHANGE_NO_ADJUSTMENTS,,,14.0,22.0,6.0,16.0
2026-05-11,96.0,44.0,79.0,60.0,84.0,55.0,70.0,383.0,15.0,97.1,1778456303000.0,1778487669000.0,66.0,BALANCED,66.0,,,26.0,98.0,5797.0,13.34252,154.0,14.0,,46.0,480.0,480.0,NO_CHANGE_NO_ADJUSTMENTS,,12.0,14.0,24.0,5.0,19.0
2026-05-12,96.0,45.0,56.0,55.0,74.0,49.0,108.0,356.0,61.0,89.4,1778538609000.0,1778573045000.0,59.0,BALANCED,59.0,,,21.0,87.0,5913.0,12.0,305.0,14.0,,44.0,480.0,440.0,DECREASED,,14.0,14.0,37.0,5.0,32.0
2026-05-13,100.0,35.0,51.0,66.0,87.0,56.0,122.0,371.0,25.0,95.6,1778625278000.0,1778659714000.0,77.0,BALANCED,77.0,,,24.0,93.0,8357.0,5.34022,576.0,14.0,,43.0,480.0,480.0,NO_CHANGE_NO_ADJUSTMENTS,,11.0,14.0,39.0,4.0,35.0
2026-05-14,97.0,45.0,68.0,55.0,86.0,64.0,109.0,295.0,20.0,95.9,1778716327000.0,1778745607000.0,71.0,BALANCED,71.0,,,19.0,96.0,6356.0,13.34383,594.0,13.0,,46.0,480.0,450.0,DECREASED,,12.0,13.0,22.0,7.0,15.0
2026-05-15,100.0,42.0,52.0,58.0,91.0,108.0,95.0,327.0,27.0,95.2,1778797938000.0,1778831358000.0,78.0,BALANCED,78.0,,,20.0,91.0,11533.0,46.34843,539.0,15.0,,44.0,480.0,460.0,DECREASED,,12.0,15.0,37.0,6.0,31.0
2026-05-16,100.0,20.0,60.0,82.0,89.0,85.0,76.0,289.0,18.0,96.2,1778892789000.0,1778920869000.0,75.0,BALANCED,75.0,,,24.0,90.0,7484.0,22.45768,858.0,20.0,,42.0,480.0,450.0,DECREASED,,12.0,20.0,45.0,7.0,38.0
2026-05-17,20.0,5.0,12.0,27.0,25.0,73.0,0.0,114.0,2.0,98.9,1778995974000.0,1779007314000.0,33.0,BALANCED,33.0,,,53.0,99.0,9024.0,11.34875,316.0,15.0,,48.0,480.0,450.0,DECREASED,,15.0,15.0,23.0,6.0,17.0
2026-05-18,63.0,26.0,63.0,39.0,77.0,22.0,67.0,346.0,7.0,98.4,1779063100000.0,1779089585000.0,62.0,BALANCED,62.0,,,25.0,87.0,4931.0,13.0,68.0,13.0,,51.0,480.0,540.0,HIGHLY_INCREASED,,13.0,13.0,21.0,5.0,16.0
2026-05-19,100.0,38.0,81.0,63.0,93.0,57.0,123.0,319.0,0.0,100.0,1779147245000.0,1779177170000.0,72.0,BALANCED,72.0,,,21.0,95.0,14703.0,34.37467,609.0,14.0,,45.0,480.0,520.0,INCREASED,,12.0,14.0,38.0,5.0,33.0
2026-05-20,100.0,42.0,60.0,45.0,88.0,120.0,163.0,254.0,14.0,97.5,1779230819000.0,1779263879000.0,67.0,BALANCED,67.0,,,21.0,94.0,6364.0,9.0,137.0,13.0,,44.0,480.0,480.0,NO_CHANGE_NO_ADJUSTMENTS,,12.0,13.0,20.0,4.0,16.0
2026-05-21,100.0,19.0,53.0,81.0,92.0,105.0,108.0,294.0,17.0,96.8,1779317178000.0,1779348603000.0,73.0,BALANCED,73.0,,,35.0,98.0,7385.0,8.01575,363.0,14.0,,43.0,480.0,460.0,DECREASED,,12.0,14.0,26.0,6.0,20.0
2026-05-22,77.0,26.0,56.0,51.0,78.0,50.0,60.0,314.0,21.0,95.3,1779407140000.0,1779433840000.0,73.0,BALANCED,73.0,,,29.0,96.0,8953.0,16.50656,246.0,13.0,,48.0,480.0,450.0,DECREASED,,12.0,13.0,21.0,6.0,15.0
2026-05-23,73.0,37.0,23.0,48.0,,0.0,0.0,0.0,0.0,,,,,,,,,26.0,99.0,6660.0,2.229,322.0,14.0,,,480.0,480.0,NO_CHANGE_NO_ADJUSTMENTS,,,14.0,30.0,7.0,23.0
2026-05-24,100.0,23.0,55.0,85.0,90.0,51.0,132.0,308.0,17.0,96.7,1779582841000.0,1779613290000.0,81.0,BALANCED,81.0,,,26.0,99.0,8849.0,12.67323,1371.0,18.0,,46.0,480.0,480.0,NO_CHANGE_NO_ADJUSTMENTS,,12.0,18.0,43.0,4.0,39.0
2026-05-25,77.0,32.0,58.0,46.0,76.0,59.0,91.0,284.0,37.0,92.1,1779668613000.0,1779696847000.0,63.0,BALANCED,63.0,,,25.0,99.0,7666.0,9.54823,205.0,13.0,,48.0,480.0,500.0,INCREASED,,12.0,13.0,20.0,4.0,16.0
2026-05-26,89.0,20.0,57.0,70.0,64.0,11.0,52.0,299.0,16.0,95.8,1779755407000.0,1779778079000.0,74.0,BALANCED,74.0,,,29.0,97.0,16436.0,28.0,713.0,14.0,,45.0,480.0,480.0,NO_CHANGE_NO_ADJUSTMENTS,,11.0,14.0,43.0,4.0,39.0
2026-05-27,99.0,26.0,83.0,74.0,93.0,66.0,106.0,316.0,5.0,99.0,1779839381000.0,1779868953000.0,80.0,BALANCED,80.0,,,25.0,99.0,7059.0,8.49147,303.0,13.0,,45.0,480.0,520.0,INCREASED,,11.0,13.0,20.0,5.0,15.0
2026-05-28,94.0,24.0,64.0,71.0,83.0,68.0,99.0,279.0,18.0,96.1,1779924653000.0,1779952493000.0,77.0,BALANCED,77.0,,,27.0,93.0,9915.0,19.0,452.0,14.0,,45.0,480.0,480.0,NO_CHANGE_NO_ADJUSTMENTS,,12.0,14.0,30.0,7.0,23.0
2026-05-29,72.0,27.0,57.0,52.0,67.0,24.0,53.0,275.0,28.0,92.6,1780013176000.0,1780035976000.0,75.0,BALANCED,75.0,,,25.0,96.0,15513.0,3.06496,598.0,13.0,,45.0,480.0,480.0,NO_CHANGE_NO_ADJUSTMENTS,,11.0,13.0,22.0,6.0,16.0
2026-05-30,96.0,20.0,70.0,79.0,85.0,66.0,87.0,277.0,6.0,98.6,1780101369000.0,1780127529000.0,72.0,BALANCED,72.0,,,24.0,96.0,9376.0,13.75722,770.0,16.0,,42.0,480.0,520.0,INCREASED,,12.0,16.0,36.0,8.0,28.0
2026-05-31,72.0,25.0,64.0,56.0,65.0,38.0,38.0,238.0,3.0,99.1,1780193508000.0,1780212528000.0,69.0,BALANCED,69.0,,,26.0,99.0,17635.0,30.0,412.0,13.0,,47.0,480.0,500.0,INCREASED,,12.0,13.0,20.0,4.0,16.0
2026-06-01,99.0,29.0,77.0,72.0,87.0,29.0,102.0,328.0,6.0,98.7,1780271945000.0,1780299845000.0,84.0,BALANCED,84.0,,,23.0,93.0,10944.0,19.10433,466.0,13.0,,45.0,480.0,540.0,HIGHLY_INCREASED,,11.0,13.0,21.0,7.0,14.0
2026-06-02,93.0,31.0,65.0,62.0,86.0,44.0,145.0,288.0,13.0,97.3,1780356438000.0,1780385800000.0,68.0,BALANCED,68.0,,,25.0,95.0,14105.0,32.60696,530.0,14.0,,45.0,480.0,480.0,NO_CHANGE_NO_ADJUSTMENTS,,12.0,14.0,23.0,6.0,17.0
2026-06-03,100.0,34.0,68.0,67.0,84.0,46.0,77.0,339.0,26.0,94.7,1780442482000.0,1780471756000.0,75.0,BALANCED,75.0,,,23.0,87.0,6513.0,12.35564,504.0,14.0,,43.0,480.0,480.0,NO_CHANGE_NO_ADJUSTMENTS,,12.0,14.0,45.0,6.0,39.0
2026-06-04,95.0,37.0,66.0,61.0,74.0,41.0,82.0,279.0,27.0,93.7,1780532008000.0,1780557748000.0,69.0,BALANCED,69.0,,,20.0,99.0,9834.0,11.45112,598.0,14.0,,45.0,480.0,480.0,NO_CHANGE_NO_ADJUSTMENTS,,12.0,14.0,20.0,4.0,16.0
2026-06-05,100.0,29.0,58.0,72.0,92.0,94.0,151.0,269.0,19.0,96.4,1780614866000.0,1780646843000.0,73.0,BALANCED,73.0,,,23.0,90.0,7700.0,8.22539,251.0,13.0,,43.0,480.0,500.0,INCREASED,,12.0,13.0,30.0,6.0,24.0
2026-06-06,69.0,21.0,48.0,56.0,66.0,53.0,30.0,330.0,21.0,95.2,1780715345000.0,1780741351000.0,63.0,BALANCED,63.0,,,29.0,91.0,14709.0,49.0,487.0,14.0,,48.0,480.0,480.0,NO_CHANGE_NO_ADJUSTMENTS,,13.0,14.0,19.0,6.0,13.0
2026-06-07,100.0,34.0,82.0,69.0,93.0,85.0,135.0,349.0,7.0,98.8,1780790530000.0,1780825063000.0,74.0,BALANCED,74.0,,,19.0,90.0,6835.0,5.75295,1305.0,20.0,,44.0,480.0,520.0,INCREASED,,12.0,20.0,46.0,8.0,38.0
2026-06-08,99.0,60.0,76.0,44.0,91.0,73.0,143.0,331.0,5.0,99.1,1780877439000.0,1780910547000.0,67.0,BALANCED,67.0,,,17.0,98.0,8981.0,8.52165,85.0,12.0,,45.0,480.0,460.0,DECREASED,,12.0,12.0,19.0,6.0,13.0
2026-06-09,100.0,,34.0,25.0,87.0,86.0,98.0,223.0,7.0,98.3,1780962027000.0,1780986867000.0,69.0,BALANCED,69.0,,,17.0,96.0,3745.0,7.54429,84.0,14.0,,42.0,480.0,440.0,DECREASED,,12.0,14.0,22.0,8.0,14.0
